subreddit,url
progressive,http://www.attn.com/stories/1490/better-ways-spend-money-than-repealing-estate-tax
progressive,http://www.huffingtonpost.com/entry/dear-mccain-mother-same-brain-tumor_us_59776cb2e4b0a8a40e82c618?ncid=inblnkushpmg00000009
progressive,http://www.politifact.com/truth-o-meter/statements/2014/jul/29/facebook-posts/are-97-nations-100-poorest-counties-red-states/
progressive,http://time.com/4770205/john-oliver-fcc-net-neutrality/
progressive,http://www.alternet.org/news-amp-politics/obama-wants-be-president-who-rolled-back-new-deal
progressive,http://www.huffingtonpost.com/entry/billy-bush-donald-trump_us_5822dbbbe4b0aac624885360?section=politics&amp;ncid=tweetlnkushpmg00000067
progressive,http://www.dailymail.co.uk/news/article-4168928/PIERS-MORGAN-Trump-s-immigration-ban.html
progressive,http://www.motherjones.com/kevin-drum/2016/09/why-are-there-any-liberals-supporting-gary-johnson-list
progressive,http://www.politicususa.com/2014/12/09/calls-grow-dick-cheney-george-w-bush-prosecuted-torture.html
progressive,http://www.greentechmedia.com/articles/read/one-year-of-coal-ceo-pay-could-retrain-all-workers-for-solar-industry
progressive,http://www.philly.com/philly/blogs/attytood/More-Americans-support-Bernie-than-The-Donald----but-he-gets-123-the-TV-coverage.html
progressive,http://www.post-gazette.com/business/employment/2014/04/17/Joblessness-not-due-to-skills-gap-experts-say/stories/201404170207#ixzz2z9dwRd54
progressive,http://inthesetimes.com/article/18445/bernie-sanders-pushing-hillary-clinton-left
progressive,https://newrepublic.com/article/139775/dont-watch-donald-trumps-inauguration
progressive,http://www.rawstory.com/2016/01/oregon-judge-plans-to-bill-ammon-bundy-up-to-70000-a-day-for-security-costs-to-county/
progressive,https://thinkprogress.org/trump-first-month-travel-expenses-11-million-a1feb6cd829b#.drnf22h6n
progressive,http://www.huffingtonpost.com/entry/a-note-about-our-coverage-of-donald-trumps-campaign_55a8fc9ce4b0896514d0fd66
progressive,https://www.mediamatters.org/video/2018/10/23/tucker-carlson-says-conservatives-dont-protest-democrats-restaurants-because-they-arent-monsters/221810
progressive,http://www.salon.com/2016/01/28/bernie_on_the_brink_partner
progressive,http://www.salon.com/2017/02/04/the-end-of-the-world-as-we-know-it-the-donald-trump-white-house-is-set-to-destroy-decades-of-u-s-foreign-policy/
progressive,http://www.commondreams.org/news/2016/04/28/sanders-calls-50-state-strategy-revitalize-american-democracy
progressive,https://thinkprogress.org/electoral-college-trump-top-lawyers-8a8b6e0ca916#.wc27wh5of
progressive,http://www.washingtonpost.com/national/health-science/new-cdc-data-shows-43-percent-drop-in-obesity-rates-among-children-2-to-5/2014/02/25/b5b3a3fa-9e65-11e3-9ba6-800d1192d08b_story.html
progressive,http://thinkprogress.org/justice/2016/02/15/3749669/grassley-delay-supreme-court-nomination/
progressive,http://www.motherjones.com/politics/2015/02/bill-oreilly-brian-williams-falklands-war
progressive,http://thehill.com/blogs/ballot-box/presidential-races/242740-bernie-sanders-2014-speaking-gigs-netted-less-than-2k
progressive,http://indy100.independent.co.uk/article/the-most-productive-countries-in-the-world-also-have-the-shortest-work-days--ZJWJ1Vvw8Pb
progressive,http://washingtonmonthly.com/2016/12/26/rejecting-the-great-man-theory-of-2016/
progressive,https://www.mediamatters.org/blog/2017/02/07/trumps-list-underreported-terrorism-completely-ignores-domestic-right-wing-extremism/215260
progressive,http://bossip.com/1333162/no-way-out-philando-castile-took-gun-safety-and-police-interaction-classes-still-got-killed-43081/
progressive,http://money.cnn.com/2017/02/06/media/donald-trump-poll-denialism/index.html
progressive,http://fusion.kinja.com/al-gore-breaks-with-democratic-party-leadership-to-supp-1797040928
progressive,http://www.cnn.com/2017/03/24/politics/house-health-care-vote/index.html
progressive,https://www.alternet.org/2019/01/watch-trump-lashes-out-at-reporter-for-pointing-out-his-gop-did-nothing-on-the-wall-for-two-years/
progressive,http://www.pewtrusts.org/en/research-and-analysis/blogs/stateline/2015/2/12/a-pregnancy-prevention-breakthrough
progressive,https://www.cbsnews.com/news/scott-walker-narrowly-loses-wisconsin-governors-race-and-he-cant-ask-for-a-recount-because-of-a-law-he-put-in-place/
progressive,https://www.motherjones.com/politics/2018/06/trump-officials-sanders-nielsen-miller-accosted-restaurants/
progressive,http://www.thedailybeast.com/articles/2017/01/12/jeff-sessions-said-secularists-are-unfit-for-government.html
progressive,https://www.gq.com/story/republican-gerrymandering-wisconsin
progressive,https://www.forbes.com/sites/adamsarhan/2021/01/26/prison-stocks-slammed-after-biden-to-end-private-prison-contracts/
progressive,http://www.salon.com/2015/10/05/law_firm_representing_kim_davis_declared_a_hate_group_by_the_southern_poverty_law_center/
progressive,https://www.theguardian.com/commentisfree/2016/jul/16/us-economy-ceos-donald-trump-hillary-clinton-2016-election
progressive,http://www.politicususa.com/2014/06/11/republicans-block-elizabeth-warrens-student-loan-bill-helped-40-million.html
progressive,http://truth-out.org/news/item/20495-vermont-approves-single-payer-health-care-everybody-in-nobody-out
progressive,http://www.independent.co.uk/news/world/africa/donald-trump-muslim-ban-african-union-refugees-slaves-immigration-a7553041.html
progressive,http://www.thenation.com/article/208849/bernies-burlington-city-sustainable-future
progressive,https://www.washingtonpost.com/world/national-security/a-family-was-separated-at-the-border-and-this-distraught-father-took-his-own-life/2018/06/08/24e40b70-6b5d-11e8-9e38-24e693b38637_story.html
progressive,https://theintercept.com/2015/09/11/new-york-state-may-get-15-minimum-wage-ford-paid-workers-100-years-ago/
progressive,https://www.washingtonpost.com/news/the-fix/wp/2016/05/16/most-americans-want-to-replace-obamacare-with-a-single-payer-system-including-a-lot-of-republicans/
progressive,https://www.theatlantic.com/business/archive/2012/09/tax-cuts-dont-lead-to-economic-growth-a-new-65-year-study-finds/262438/
progressive,http://www.independent.co.uk/news/world/americas/us-elections/only-one-presidential-candidate-pays-their-interns-a6863016.html
progressive,http://thehill.com/blogs/blog-briefing-room/news/316714-federal-judge-blocks-trump-immigration-ban-nationwide
progressive,http://www.motherjones.com/kevin-drum/2015/04/gop-estate-tax-repeal-334-billion-tax-break
progressive,https://slate.com/news-and-politics/2019/02/brett-kavanaugh-legal-writings-abortion-precedent-roe.html
progressive,https://www.theguardian.com/commentisfree/2016/sep/12/face-the-facts-competition-and-profit-dont-work-in-health-education-or-prisons
progressive,http://www.msnbc.com/rachel-maddow/watch/maddow-to-news-orgs-heads-up-for-hoaxes-985491523709?cid=sm_npd_ms_tw_lw
progressive,https://jimheath.tv/2019/02/watch-tucker-carlson-tells-dutch-historian-to-go-fuk-yourself-meltdown-interview-leaked/
progressive,https://www.forbes.com/sites/danielcassady/2020/08/22/washington-postal-workers-defy-usps-orders-and-reinstall-mail-sorting-machines/#7771e8695f80
progressive,http://www.rawstory.com/2016/10/trumps-own-bankruptcy-lawyers-say-he-lies-so-much-they-could-only-meet-with-him-in-pairs/
progressive,http://www.nydailynews.com/opinion/ny-edit-vote-vote-vote-20181102-story.html
progressive,http://www.gallup.com/poll/197375/trump-victory-surprises-americans-four-afraid.aspx
progressive,http://www.politicususa.com/2015/05/10/bernie-sanders-promises-nominate-supreme-court-justices-overturn-citizens-united.html
progressive,https://www.forbes.com/sites/markjoyella/2018/04/04/rachel-maddow-beats-sean-hannity-takes-title-as-most-watched-cable-news-host
progressive,https://www.theguardian.com/us-news/commentisfree/2017/mar/28/america-party-less-caring-21-century-republicans-gop
progressive,https://www.rawstory.com/2018/09/busted-brett-kavanaugh-lied-busting-tail-get-yale-no-connections-legacy/
progressive,http://www.theatlantic.com/politics/archive/2013/04/a-heartbreaking-drug-sentence-of-staggering-idiocy/274607/
progressive,https://www.pluralist.com/posts/1308-cbo-report-gop-tax-cuts-had-a-direct-effect-in-making-us-debt-highest-since-world-war-ii
progressive,http://www.newsweek.com/liberals-dont-share-believe-fake-news-much-right-wing-study-finds-800219
progressive,https://nymag.com/intelligencer/2020/11/the-voting-irregularity-in-georgia-is-that-gop-didnt-win.html
progressive,https://medium.com/@GoAngelo/donald-trump-hired-paid-actors-to-attend-presidential-launch-event-7c65e8fadea0
progressive,https://www.businessinsider.com/fox-news-tucker-carlson-cant-go-to-restaurants-people-shout-too-much-2018-10
progressive,http://time.com/4137173/bernie-sanders-time-person-of-the-year-poll-win/
progressive,https://thehill.com/blogs/blog-briefing-room/451901-crowd-chants-f-trump-during-fox-news-broadcast-at-french-sports-bar
progressive,http://politicaldig.com/trump-tax-bill-exempts-just-one-college-endowment-tax-owned-betsy-devos/
progressive,http://www.huffingtonpost.com/entry/donald-trump-supports-cutting-social-security-report-says_us_5749db63e4b0dacf7ad515e4
progressive,http://www.slate.com/articles/news_and_politics/map_of_the_week/2013/06/maps_senators_who_voted_to_expand_nsa_s_power.html
progressive,https://www.alternet.org/2019/01/paul-krugman-trump-loyalists-know-he-committed-treason-with-putin-but-its-an-ok-price-for-the-racism/
progressive,http://crooksandliars.com/2016/11/yes-many-trump-voters-are-going-lose-their
progressive,http://bigstory.ap.org/article/f6232ebaeba54d3dbe6ffb921ae42ffa/far-reaching-tribal-solidarity-displayed-pipeline-protest
progressive,http://www.motherjones.com/politics/2017/01/donald-trump-first-week
progressive,http://www.politicususa.com/2015/05/07/independent-study-finds-republican-prediction-obamacare-wrong.html
progressive,http://www.politico.com/story/2016/11/elizabeth-warren-democrats-liberals-231692
progressive,http://www.nytimes.com/2015/10/27/opinion/the-revenge-of-scott-walker.html
progressive,http://www.deathandtaxesmag.com/217850/so-did-you-guys-hear-we-caught-a-terrorist-last-week/
progressive,https://www.wsbtv.com/news/politics/andrew-yang-moving-atlanta-help-democrats-win-senate-runoffs/BTGI65ATNZHTJMJWFXRLAZV4HU/
progressive,https://thinkprogress.org/white-armed-occupiers-were-acquitted-native-american-activists-were-tear-gassed-a928ba6b7955#.ksqjbhy4n
progressive,https://www.rawstory.com/2018/07/watch-hannity-frantically-ends-segment-guests-criticizes-trump-putin-summit/
progressive,http://billmoyers.com/story/democracy-wins-one-federal-court-strikes-big-blow-gerrymandering/
progressive,http://thehill.com/blogs/ballot-box/246552-sanders-increased-campaign-spending-a-national-disgrace
progressive,https://thebulwark.com/the-president-is-a-sociopath-and-60-million-americans-like-it/
progressive,http://www.huffingtonpost.com/david-pakman2/bernie-sanders-is-the-mainstream-candidate-not-an-extremist_b_7547150.html
progressive,http://www.usatoday.com/story/news/2017/02/15/deficient-bridges/97890324/
progressive,http://www.palmerreport.com/news/waukesha-wisconsin-double-donald-trump/381/
progressive,http://www.dailykos.com/story/2016/10/03/1577453/-The-Kansas-Experiment-Continues-Collapse-Revenue-Off-By-Nearly-45M-Pay-Attention-America
progressive,https://boingboing.net/2018/04/20/senate-confirms-a-homophobic-c.html
progressive,http://www.huffingtonpost.com/entry/bernie-sanders-racial-inequality_55c81153e4b0f1cbf1e56b77
progressive,http://www.politicususa.com/2016/05/22/mcdonalds-ceo-admits-obamas-economy-higher-wages-rousing-success.html
progressive,https://www.theguardian.com/world/2020/mar/23/trump-social-distancing-coronavirus-rules-guidelines-economy
progressive,http://www.washingtonpost.com/news/powerpost/wp/2015/06/23/an-interview-with-bernie-sanders-deficit-hawk/
progressive,http://www.dailykos.com/story/2017/01/09/1618540/-Was-Donald-Trump-bailed-out-of-bankruptcy-by-Russia-crime-bosses
progressive,http://www.thedailybeast.com/articles/2016/09/06/a-republican-candidate-said-he-hoped-i-got-raped.html
progressive,https://www.theguardian.com/world/2020/jul/27/us-rightwing-extremists-attacks-deaths-database-leftwing-antifa
progressive,http://www.businessinsider.com/bernie-sanders-fights-media-blackout-despite-his-surging-campaign-2015-10
progressive,https://hillreporter.com/the-georgia-aclu-just-published-its-shocking-seven-year-study-of-state-republicans-unconstitutional-voter-disenfranchisement-scheme-77784
progressive,https://www.thedailybeast.com/they-want-trumps-liquor-license-yankedand-they-just-might-win?ref=home
progressive,https://www.mediamatters.org/blog/2018/06/21/sinclair-must-run-segment-family-separation-policy-and-child-detention-attacks-media/220509
progressive,http://phys.org/news/2013-10-low-wage-fast-food-jobs-hefty-tax.html
progressive,https://www.salon.com/2018/07/04/is-alexandria-ocasio-cortez-too-far-left-for-america-absolutely-not/
progressive,https://www.washingtonpost.com/posteverything/wp/2017/03/08/laziness-isnt-why-people-are-poor-and-iphones-arent-why-they-lack-health-care/
progressive,https://www.randybryceforcongress.com/2018/02/16/dear-speaker-ryan/
progressive,http://crooksandliars.com/2015/09/and-even-republicans-are-acting-surprised
progressive,https://www.yahoo.com/news/opened-f-ing-doors-em-164138167.html
progressive,https://www.marketwatch.com/story/john-oliver-explains-defund-the-police-and-why-it-doesnt-mean-no-police-2020-06-08?mod=newsviewer_click_seemore
progressive,http://www.politicususa.com/2016/04/12/bernie-sanders-win-majority-colorado-delegates-party-admits-error.html
progressive,https://motherboard.vice.com/en_us/article/why-scientists-are-running-for-office
progressive,http://www.salon.com/2014/02/27/i_lost_my_dad_to_fox_news_how_a_generation_was_captured_by_thrashing_hysteria/
progressive,https://www.goodnewsnetwork.org/empty-homes-tax-study-in-uk/
progressive,https://theoutline.com/post/5408/facebook-donates-money-to-republicans-fyi?zd=2&amp;zi=zakj3qsx
progressive,https://www.vox.com/policy-and-politics/2017/10/4/16385658/puerto-rico-taxes-hurricane
progressive,http://thehill.com/policy/finance/243931-sanders-slams-jeb-over-social-security-remarks
progressive,http://www.rawstory.com/rs/2014/01/17/bernie-sanders-rips-walmart-why-should-taxpayers-subsidize-starvation-wages/
progressive,https://www.upi.com/Top_News/US/2017/08/01/CBO-Americans-would-save-7B-buying-prescription-drugs-from-Canada/8681501568463/?utm_source=sec&amp;utm_campaign=sl&amp;utm_medium=3
progressive,https://www.rawstory.com/2018/09/stephen-king-vows-take-susan-collins-votes-confirm-brett-kavanaugh/
progressive,http://littlegreenfootballs.com/article/46735_400_Companies_Have_Now_Pulled_Their_Advertising_From_Breitbart_News
progressive,http://thinkprogress.org/economy/2016/08/01/3803836/massachusetts-equal-pay/
progressive,https://www.thenation.com/article/president-accused-of-sexual-misconduct-by-16-women-endorses-senate-candidate-accused-of-sexual-misconduct-by-9/
progressive,http://www.rawstory.com/2015/10/meteorologist-accepting-climate-change-doesnt-make-you-liberal-it-makes-you-scientifically-literate/
progressive,https://www.technologyreview.com/2020/11/15/1012145/georgia-senate-runoff-23000-17-year-olds-registered-to-vote/
progressive,http://www.forwardprogressives.com/republican-party-literally-become-party-stupid/
progressive,http://www.theverge.com/2016/11/11/13596932/trump-protestors-electoral-college-tweets
progressive,http://www.politifact.com/punditfact/statements/2015/aug/27/nicholas-kristof/more-americans-killed-guns-1968-all-wars-says-colu/
progressive,https://newrepublic.com/article/156901/dismantled-state-takes-pandemic
progressive,https://newrepublic.com/article/146016/media-still-doesnt-know-cover-bankrupt-gop
progressive,http://www.salon.com/2017/02/11/theres-anti-semitism-in-the-white-house-what-made-the-anne-frank-center-get-political-on-twitter/
progressive,http://www.truth-out.org/news/item/36679-in-new-york-republicans-and-democrats-join-forces-to-overturn-citizens-united
progressive,https://www.rawstory.com/2018/10/chief-justice-john-roberts-sitting-dozen-judicial-complaints-kavanaugh-three-weeks-report/
progressive,http://www.esquire.com/news-politics/politics/a13528330/kansas-sam-brownback-disaster-republicans/
progressive,http://www.wisconsingazette.com/breaking-news/chick-fil-a-gave-nearly-2-million-to-anti-gay-groups-in-2009-alone.html
progressive,https://www.cnn.com/2019/08/25/politics/cherokee-nation-congressional-delegate-treaty/index.html
progressive,https://www.rawstory.com/2018/02/ex-judge-gets-20-years-sexual-abuse-trafficking-teens-serving-trump-campaign-co-chair/
progressive,http://www.salon.com/2016/01/10/donald_trump_talks_at_a_fourth_grade_level_maybe_thats_why_the_fox_news_audience_loves_him/
progressive,http://www.politifact.com/truth-o-meter/statements/2016/mar/02/bernie-s/sanders-welfare-reform-more-doubled-extreme-povert/
progressive,https://www.usatoday.com/story/news/politics/onpolitics/2019/02/28/mark-meadows-2012-vow-send-obama-to-kenya-resurfaces/3013304002/
progressive,http://www.politicususa.com/2015/07/30/poll-shows-bernie-sanders-crush-donald-trump-2016-presidential-match.html
progressive,http://www.addictinginfo.org/2012/10/14/welfare-queen-myth-must-die/
progressive,http://www.rawstory.com/2017/02/eric-trump-just-cost-taxpayers-97830-in-hotel-bills-for-a-corporate-trump-event-in-uruguay/
progressive,http://www.alternet.org/election-2016/bernie-sanders-lets-return-tax-policy-radical-socialist-dwight-d-eisenhower
progressive,https://www.rawstory.com/2018/07/noam-chomsky-dark-warning-smug-liberals-november-wins-wont-enough-rid-fascism-gave-rise-trump/
progressive,https://www.exposedbycmd.org/2019/03/13/who-bankrolls-tucker-carlsons-hateful-propaganda-why-the-kochs-of-course/
progressive,http://www.nytimes.com/2016/05/06/upshot/bernie-sanderss-legacy-the-left-may-no-longer-need-the-rich.html
progressive,https://www.rawstory.com/2018/10/trump-contacts-russian-mafia-35-years-investigative-reporter-craig-unger/
progressive,https://www.thenation.com/article/mike-pences-nfl-walkout-was-a-cheap-transparent-stunt/
progressive,https://www.businessinsider.com/republican-sen-mike-lee-said-fact-checking-form-of-censorship-2020-10
progressive,http://www.politico.com/magazine/story/2017/02/donald-the-weak-214771
progressive,http://www.salon.com/2015/10/08/bernie_sanders_is_ayn_rands_worst_nightmare_hes_changing_how_we_view_socialism_and_exposing_free_market_parasites/
progressive,http://crooksandliars.com/2017/02/alex-jones-finds-his-messiah-im-ready-die
progressive,http://www.rawstory.com/2017/01/trump-tried-to-force-national-park-service-to-verify-his-false-numbers-about-crowd-size-report/
progressive,https://www.france24.com/en/20190602-obamacare-led-better-cancer-outcomes-studies
progressive,https://www.pluralist.com/posts/539-turns-out-hannity-has-a-secret-real-estate-empire-with-ties-to-trump-admin
progressive,https://thinkprogress.org/supreme-court-strikes-down-nc-gerrymandering-aca2d63fbc80
progressive,http://www.independent.co.uk/news/world/americas/donald-trump-cia-black-site-executive-order-torture-waterboarding-latest-a7545786.html
progressive,https://www.theguardian.com/us-news/2017/jan/19/steven-mnuchin-financial-disclosure-confirmation-treasury
progressive,https://www.huffingtonpost.com/entry/schumer-doug-jones_us_5a313e16e4b01bdd7659261d?ncid=inblnkushpmg00000009
progressive,http://www.fostercampbell2016.com/volunteer/
progressive,http://talkingpointsmemo.com/livewire/donald-trump-i-could-have-won-popular-vote
progressive,https://www.politico.com/story/2018/04/30/michelle-wolf-correspondents-dinner-560667?cmpid=sf
progressive,http://www.nelp.org/publication/raise-wages-kill-jobs-no-correlation-minimum-wage-increases-employment-levels/
progressive,http://www.thenation.com/blog/204713/new-york-city-just-outlawed-running-credit-checks-job-applicants
progressive,http://www.salon.com/2015/04/11/the_1_percent_are_parasites_debunking_the_lies_about_free_enterprise_trickle_down_capitalism_and_celebrity_entrepreneurs/
progressive,http://www.reuters.com/article/us-usa-court-election-idUSKBN19A1UW
progressive,https://www.theguardian.com/commentisfree/2016/aug/09/gop-tried-sink-obama-imploded-extremism
progressive,http://www.rawstory.com/2015/09/ex-hedge-funder-buys-rights-aids-drug-and-raises-price-from-13-50-to-750-per-pill/
progressive,https://www.thenation.com/article/amy-goodman-is-facing-prison-for-reporting-on-the-dakota-access-pipeline-that-should-scare-us-all/
progressive,http://thinkprogress.org/sports/2016/04/07/3767384/charles-barkley-nba-all-star-game-lgbt/
progressive,https://www.independent.co.uk/news/world/americas/us-politics/gop-cruz-hawley-billboards-trump-b1794894.html
progressive,http://www.independent.co.uk/news/world/americas/us-politics/robert-phalen-epa-advisory-board-air-too-clean-scott-pruitt-a8038091.html
progressive,http://www.independent.co.uk/news/world/americas/donald-trump-jews-anti-semitic-hate-crimes-false-flag-reverse-david-duke-kkk-ku-klux-klan-a7604801.html
progressive,http://thinkprogress.org/economy/2014/03/06/3370141/elizabeth-warren-student-debt-buffet-rule/
progressive,https://thinkprogress.org/adelson-russia-aides-fund-medal-4d6dd5bb8a53/
progressive,http://www.politifact.com/truth-o-meter/statements/2016/jan/29/ted-cruz/ted-cruzs-pants-fire-claim-health-care-law-nations/
progressive,https://www.theguardian.com/commentisfree/2017/feb/25/trump-russia-fbi-white-house-priebus
progressive,http://www.politicususa.com/2015/03/28/wisconsin-eliminating-weekends-koch-idea-nation-slave-labor.html
progressive,http://www.slate.com/blogs/outward/2017/05/05/americans_now_view_health_care_as_a_right_republicans_can_t_change_that.html
progressive,http://www.salon.com/2015/09/24/the_wall_street_journal_gets_whacked_how_its_bernie_sanders_hit_piece_completely_backfired_partner/
progressive,http://qz.com/458675/in-america-mass-incarceration-has-caused-more-crime-than-its-prevented/
progressive,https://www.vox.com/policy-and-politics/2018/11/6/18052374/florida-amendment-4-felon-voting-rights-results
progressive,https://thinkprogress.org/trump-personally-met-with-russian-ambassador-during-campaign-cc59ae305032#.8xas5vt62
progressive,http://www.rollingstone.com/politics/news/six-studies-that-show-everything-republicans-believe-is-wrong-20140423
progressive,https://thinkprogress.org/mercatis-medicare-for-all-study-0a8681353316/
progressive,http://jaybookman.blog.ajc.com/2015/07/07/bernie-sanders-and-the-american-mainstream/
progressive,http://www.politicususa.com/2015/04/25/bernie-sanders-run-president.html
progressive,http://www.alternet.org/news-amp-politics/elizabeth-warren-serve-banking-committee
progressive,https://www.independent.co.uk/news/world/americas/us-politics/marjorie-taylor-greene-pelosi-mccarthy-b1794246.html
progressive,https://www.huffpost.com/entry/paul-manafort-crystal-mason-prison-sentences_n_5c829a5ee4b0ed0a00130038
progressive,https://medium.com/@ArezaNaraghi/media-and-disruptive-politics-4a9940779a35#.ht83kdwyu
progressive,https://thinkprogress.org/steve-king-iowa-republican-white-supremacist-immigrants-dirt-mexico-gop-congressman-the-weekly-standard-54c8a8b8d57e/
progressive,http://www.cnn.com/2017/08/16/politics/what-is-alt-left/index.html
progressive,http://www.huffingtonpost.com/entry/i-dont-know-how-to-explain-to-you-that-you-should_us_59519811e4b0f078efd98440
progressive,https://thinkprogress.org/trump-health-care-admission-dd759907622f#.akyhwgi2l
progressive,http://www.salon.com/2016/06/03/trump_university_scandal_beginning_to_look_more_like_corruption_trump_made_political_donations_to_attorneys_general_who_quietly_dropped_investigations/
progressive,http://thinkprogress.org/election/2015/08/20/3693380/bernie-sanders-private-prisons/
progressive,https://www.nytimes.com/2018/03/18/us/politics/maine-republican-leslie-gibson.html
progressive,http://www.reuters.com/article/us-usa-trump-priebus-idUSKBN1560RM
progressive,http://www.cnn.com/videos/politics/2016/02/20/trump-general-pigs-blood-deter-muslims-sot.cnn
progressive,https://www.nydailynews.com/news/politics/us-elections-government/ny-biden-economy-covid-stimulus-20210201-dfromgglrrejno7sjz7rabrkwm-story.html
progressive,http://www.bbc.co.uk/radio4/history/document/document_20070723.shtml
progressive,https://www.nytimes.com/2020/06/12/business/media/tucker-carlson-fox-news-advertisers.html?action=click&amp;module=News&amp;pgtype=Homepage
progressive,http://www.huffingtonpost.com/entry/ben-carson-warren-hud-money-trump_us_5877b575e4b06df924cb32e7
progressive,https://www.washingtonpost.com/politics/trump-promised-millions-to-charity-we-found-less-than-10000-over-7-years/2016/06/28/cbab5d1a-37dd-11e6-8f7c-d4c723a2becb_story.html
progressive,http://www.bennet.senate.gov/newsroom/press/release/bennet-tester-introduce-bill-to-ban-members-of-congress-from-becoming-lobbyists-close-revolving-door
progressive,http://www.vanityfair.com/society/features/2011/05/top-one-percent-201105.print
progressive,https://www.washingtonpost.com/news/democracy-post/wp/2018/07/17/stop-calling-it-meddling-its-actually-information-warfare/?utm_term=.3cb1c5880685
progressive,http://www.reuters.com/article/2015/03/27/us-usa-election-banks-idUSKBN0MN0BV20150327By thre
progressive,https://crooksandliars.com/2019/01/whitewashing-white-supremacy-media-rushes
progressive,https://newrepublic.com/minutes/141930/donald-trump-no-strategy-no-beliefs-no-principles
progressive,https://financialpost.com/commodities/energy/bidens-early-climate-blitz-goes-faster-further-than-expected
progressive,https://www.businessinsider.com/trumpworld-delighted-cruelty-trump-positive-covid-test-demands-empathy-coronavirus-2020-10
progressive,http://www.miaminewtimes.com/news/marco-rubio-mario-diaz-balart-hate-net-neutrality-9851290
progressive,http://www.rawstory.com/2017/03/busted-trump-campaign-chair-caught-in-a-motel-room-with-an-underage-boy/
progressive,http://www.newyorker.com/news/news-desk/put-an-atheist-on-the-supreme-court
progressive,https://www.businessinsider.com/georgia-senate-runoff-young-voters-movement-flip-the-senate-2020-11
progressive,https://www.thenation.com/article/if-trump-fires-mueller-we-must-impeach/
progressive,https://www.vanityfair.com/news/2017/11/wall-street-fears-trumps-deranged-tax-plan-could-kick-off-economic-euthanasia
progressive,http://www.attn.com/stories/12634/michael-moore-reveals-plan-for-democratic-victory
progressive,http://www.politifact.com/truth-o-meter/statements/2016/jan/17/marco-rubio/rubio-wrongly-credits-reagan-1981-release-hostages/
progressive,http://www.politifact.com/punditfact/statements/2014/dec/11/nicholas-kristof/kristof-us-imprisons-blacks-rates-higher-south-afr/
progressive,http://truth-out.org/news/item/12449-what-does-romneys-campaign-of-lies-say-about-our-country
progressive,http://www.celebritynetworth.com/richest-politicians/democrats/bernie-sanders-net-worth/
progressive,http://www.salon.com/2014/08/02/is_hillary_clinton_the_true_heir_of_ronald_reagan/
progressive,http://www.independent.co.uk/news/world/asia/donald-trump-japan-emperor-akihito-texas-mass-shooting-visit-shinzo-abe-sutherland-springs-a8041391.html
progressive,http://www.esquire.com/news-politics/politics/news/a51589/north-carolina-republicans-coup/
progressive,http://n.pr/2sSQTnw
progressive,https://www.forbes.com/sites/instituteforjustice/2017/07/11/connecticut-just-banned-civil-forfeiture-without-a-criminal-conviction/#2afa121352e7
progressive,http://www.motherjones.com/politics/2017/02/does-trump-have-mystery-creditor
progressive,http://www.alternet.org/sex-amp-relationships/more-half-americans-would-date-someone-who-cant-read-over-trump-supporter
progressive,http://www.creators.com/opinion/jim-hightower/the-truth-about-the-u-s-postal-service.html
progressive,http://www.thenation.com/article/if-ohio-bans-gerrymandering-today-there-could-be-hope-for-american-democracy/
progressive,http://www.sanders.senate.gov/newsroom/recent-business/this-is-not-democracy
progressive,http://www.alternet.org/private-prisons-get-bern-ed-sanders-proposes-abolishing-profit-facilities
progressive,https://www.mediaite.com/tv/so-unless-giuliani-is-insane-he-apparently-just-admitted-the-trump-campaign-colluded-with-russia/
progressive,https://arstechnica.com/science/2017/05/congress-just-blocked-jeff-sessions-from-messing-with-medical-marijuana/
progressive,http://www.vox.com/policy-and-politics/2016/9/26/13067910/presidential-debate-clinton-trump-global-warming-hoax
progressive,https://www.newsweek.com/elizabeth-warren-trump-saudi-arabia-lobbyists-1249420
progressive,https://www.newsweek.com/blasey-ford-lying-skank-says-fox-news-contributor-kevin-jackson-who-1143140
progressive,http://www.patheos.com/blogs/friendlyatheist/2012/08/29/openly-bisexual-nontheist-kyrsten-sinema-is-winning-her-democratic-primary-race-for-congress/
progressive,https://thinkprogress.org/breaking-pennsylvania-gerrymander-dead-d148d15b3710/
progressive,http://www.msnbc.com/the-last-word/watch/sen-franken-no-other-conclusion-sessions-perjured-himself-892652099829
progressive,http://www.rawstory.com/rs/2014/01/20/noam-chomsky-the-tea-party-is-the-petty-bourgeois-face-of-corporate-oligarchs/
progressive,https://theweek.com/articles/902018/conservative-movement-public-health-hazard
progressive,https://www.washingtonpost.com/opinions/we-need-to-stay-angry-about-kavanaugh/2018/10/07/8385ec9e-ca5c-11e8-920f-dd52e1ae4570_story.html
progressive,http://www.salon.com/2017/03/27/robert-reich-gorsuch-shouldnt-be-confirmed-until-the-man-who-picked-him-is-cleared-of-wrongdoing_partner/
progressive,http://www.rawstory.com/2016/01/if-the-oregon-militiamen-were-muslim-or-black-theyd-be-dead-by-now/
progressive,http://www.huffingtonpost.com/entry/steve-wozniak-bernie-sanders_55e59df0e4b0c818f61904de
progressive,https://talkingpointsmemo.com/news/mlk-son-pence-bridge-builder-wall-trump
progressive,https://www.thedailypopulist.com/2017/07/16/there-is-no-denying-it-anymore-russia-was-involved-in-our-election/
progressive,http://nymag.com/daily/intelligencer/2017/06/doj-says-trump-can-accept-payments-from-foreign-governments.html
progressive,http://www.nydailynews.com/news/national/black-fox-news-employee-joins-racial-discrimination-lawsuit-article-1.3018499
progressive,https://www.theatlantic.com/politics/archive/2018/03/a-bright-red-flag-for-democracy/554777/
progressive,https://www.thenation.com/article/politics/qanon-future-republican-party/?utm_campaign=SproutSocial&amp;utm_content=thenation&amp;utm_medium=social&amp;utm_source=twittervvvv
progressive,https://www.mediamatters.org/blog/2018/12/13/yes-new-york-times-dropped-ball-covering-rise-right-wing-extremism/222308
progressive,https://www.politico.com/story/2018/11/23/warning-signs-trump-reelection-bid-1012184
progressive,https://www.newstatesman.com/world/north-america/2018/12/trump-s-election-stunt-border-cost-us-taxpayers-210-million
progressive,https://www.motherjones.com/politics/2018/07/nra-maria-butina-spying-charges-trump-campaign/
progressive,http://www.vox.com/policy-and-politics/2016/10/10/13226264/us-crime-rate-poll
progressive,http://www.salon.com/2012/11/12/hello_mr_president_its_me_roger_ebert/
progressive,https://www.latimes.com/opinion/story/2020-12-14/editorial-universal-mail-ballots-are-one-pandemic-measure-worth-keeping-permanently
progressive,https://thinkprogress.org/trump-caves-shutdown-reopens-government-speaker-nancy-pelosi-effective-5e247a05034a/
progressive,http://money.cnn.com/2016/09/21/investing/wells-fargo-fired-workers-retaliation-fake-accounts/index.html
progressive,https://www.washingtonpost.com/news/post-nation/wp/2016/08/18/justice-department-says-it-will-end-use-of-private-prisons/
progressive,http://fusion.net/story/323189/nra-members-response-philando-castile-shooting/
progressive,http://www.independent.co.uk/news/world/americas/us-fire-chief-caught-on-camera-refusing-to-help-crash-victims-because-they-are-black-9872524.html
progressive,https://www.mediaite.com/tv/bill-maher-democrats-should-run-on-weed-the-same-way-republicans-run-on-guns/
progressive,https://www.vox.com/policy-and-politics/2017/11/22/16683462/trump-tax-is-bad
progressive,https://thinkprogress.org/183-house-republicans-just-voted-against-resuming-food-safety-inspection-4ca969ec4e6b/
progressive,https://www.thenation.com/article/blackwater-founder-implicated-murder/
progressive,http://www.esquire.com/news-politics/politics/news/a40091/scott-walker-food-stamp-cuts/
progressive,http://www.alternet.org/i-watched-my-patients-die-treatable-diseases-because-they-were-poor?paging=off
progressive,http://www.nytimes.com/2013/10/07/opinion/krugman-the-boehner-bunglers.html
progressive,https://theweek.com/speedreads/919038/charles-booker-wins-big-endorsements-democratic-race-challenge-mitch-mcconnell
progressive,https://slate.com/business/2019/06/elizabeth-warren-private-prisons-stocks.html
progressive,https://www.nytimes.com/2018/03/13/us/california-ice-spokesman-resigns.html
progressive,http://www.motherjones.com/politics/2017/01/trump-science-epa-review
progressive,http://tribunecontentagency.com/article/the-gop-an-incoherent-mess-r/
progressive,http://www.wired.com/2013/12/brt-middle-class/?utm_source=feedburner&amp;utm_medium=feed&amp;utm_campaign=Feed%253A+wiredautopia+%2528Wired%253A+Blog+-+Autopia%2529
progressive,https://lawandcrime.com/first-amendment/judge-orders-oan-to-pay-rachel-maddow-and-msnbc-250000-in-attorney-fees-for-filing-frivolous-defamation-lawsuit/
progressive,https://www.washingtonpost.com/local/virginia-politics/gov-terry-mcauliffe-is-less-popular-more-polarizing-than-recent-va-governors/2016/08/19/67c7af7a-6581-11e6-be4e-23fc4d4d12b4_story.html
progressive,http://www.bbc.com/news/blogs-echochambers-27074746
progressive,https://www.businessinsider.com/young-adults-believe-trump-encourages-violence-against-journalists-2018-10
progressive,https://www.onenationonevote.com/?v=3
progressive,http://www.newyorker.com/humor/borowitz-report/exit-polls-indicate-nation-suffering-severe-memory-loss?int-cid=mod-latest
progressive,https://www.nytimes.com/2020/12/23/us/susan-moore-black-doctor-indiana.html?action=click&amp;module=Top%20Stories&amp;pgtype=Homepage
progressive,http://www.gallup.com/poll/201617/gallup-daily-trump-job-approval.aspx
progressive,http://www.huffingtonpost.com/entry/bernie-sanders-progressives-medicare-for-all_us_58d6f5c1e4b03692bea68fd2?frydbutvrcgv0wwmi&amp;
progressive,https://www.buzzfeed.com/andrewkaczynski/trump-bought-120000-luxury-trip-with-trump-foundation-money?utm_term=.enNMGMbPBx#.xoo1B1EwQZ
progressive,http://www.rawstory.com/2015/06/love-wins-the-supreme-court-has-effectively-legalized-same-sex-marriage-in-all-50-states/
progressive,http://www.nydailynews.com/news/national/mcdonald-owners-sued-wage-debit-card-article-1.1375287
progressive,https://www.huffpost.com/entry/trump-coronavirus-ventilators-new-york-state_n_5e7d651cc5b6256a7a27c911
progressive,http://robertreich.org/post/153748549760
progressive,http://www.salon.com/2016/07/04/millennials_are_ripe_for_socialism_a_generation_is_rising_up_again_partner/
progressive,http://www.politicususa.com/2015/08/18/bernie-sanders-urges-unions-stand-power-crush-koch-brothers.html
progressive,https://www.cnbc.com/2021/01/11/capitol-riot-trump-lawyer-rudy-giuliani-faces-bar-association-probe.html
progressive,https://www.npr.org/sections/parallels/2018/03/26/596129462/how-the-pentagon-plans-to-spend-that-extra-61-billion
progressive,http://www.alternet.org/election-2016/why-trump-can-lie-and-no-one-seems-care
progressive,https://www.wbur.org/news/2019/04/22/elizabeth-warren-college-debt-forgiveness-plan-proposal
progressive,https://www.politico.com/story/2019/02/28/nancy-pelosi-house-democrats-1195854
progressive,https://www.washingtonpost.com/business/2019/02/16/cnn-msnbc-will-run-anti-nazi-ad-that-fox-news-rejected-filmmakers-say/?noredirect=on&amp;utm_term=.52c45038cedb
progressive,https://www.salon.com/2018/08/02/a-sold-out-house-for-alexandria-ocasio-cortez-in-san-francisco-proves-shes-touched-a-national-nerve/
progressive,http://www.adweek.com/tvnewser/rachel-maddow-has-a-top-10-show-on-all-of-tv/322824
progressive,http://www.rawstory.com/2016/04/john-boehner-slams-ted-cruz-i-have-never-worked-with-a-more-miserable-son-of-a-bitch-in-my-life/
progressive,http://www.rawstory.com/rs/2015/03/ex-fox-host-tells-cnn-olbermann-was-right-all-along-fox-is-a-cult-and-oreilly-is-a-liar/#.VP4LhhktHtw.facebook
progressive,https://www.theguardian.com/commentisfree/2020/feb/09/michael-bloomberg-donald-trump-presidential-election
progressive,https://thehill.com/homenews/house/417355-john-lewis-backs-ocasio-cortezs-proposed-climate-change-plan
progressive,https://www.nytimes.com/2018/03/19/opinion/iraq-war-anniversary-.html?smid=re-share
progressive,http://blog.sfgate.com/smellthetruth/2017/11/10/12-year-old-epilepsy-patient-sues-jeff-sessions-to-legalize-medical-marijuana/
progressive,http://www.rawstory.com/2017/02/trumps-white-house-is-scared-to-death-and-already-hunkered-down-in-survival-mode-report/
progressive,http://www.huffingtonpost.com/rep-bernie-sanders/sanders-to-senate-if-we-dont-overturn-citizens-united-the-congress-will-become-paid-employees-of-the-billionaire-class_b_6918468.html
progressive,https://www.washingtonpost.com/nation/2020/04/16/michigan-whitmer-conservatives-protest/
progressive,https://www.npr.org/2019/07/24/744633713/justice-ginsburg-i-am-very-much-alive
progressive,https://www.newsweek.com/educated-americans-fleeing-republican-party-1210620
progressive,http://nativenewsonline.net/currents/sen-franken-wants-fbi-explanation-investigating-dapl-protesters/
progressive,https://crooksandliars.com/2019/01/anonymous-trump-official-celebrates
progressive,https://www.bostonglobe.com/opinion/2018/07/27/socialism-getting-bad-rap-again/OO8YL0YjdfxjtqTvTIqk6O/story.html
progressive,http://www.rawstory.com/2017/06/pence-to-speak-at-conference-hosted-by-pastor-who-claims-god-created-hitler-to-hunt-down-the-jews/?utm_campaign=crowdfire&amp;utm_content=crowdfire&amp;utm_medium=social&amp;utm_source=twitter#810178352871047168-tw#1497636662996
progressive,http://resistancereport.com/news/trumps-supreme-court-pick-refuses-reveal-spending-10-million-get/
progressive,https://www.theamericanconservative.com/state-of-the-union/republicans-suddenly-we-care-about-the-deficit-again/
progressive,https://www.thedailybeast.com/samantha-bee-exposes-gops-fear-based-midterm-election-strategy
progressive,https://www.businessinsider.com/biden-has-access-all-trump-putin-call-memos-previously-hidden2021-2
progressive,https://www.vox.com/2020/3/12/21176750/trump-coronavirus-response-disaster
progressive,https://talkingpointsmemo.com/news/nevada-sisolak-bill-restore-felon-voting-rights
progressive,https://www.rawstory.com/2018/09/gop-donor-busted-calling-obama-muslim-ngger-repeatedly-uses-racial-slurs-justify/
progressive,http://time.com/5001383/us-politics-dangerous-low-point-poll/
progressive,https://www.nytimes.com/2017/04/26/opinion/trumps-tax-plan-a-gift-to-zillionaires-like-him.html?_r=0
progressive,https://www.theguardian.com/us-news/2016/jun/21/michigan-welfare-drug-testing-program
progressive,https://jimheath.tv/2019/03/floridas-gop-house-speaker-repeatedly-refers-to-host-body-not-pregnant-woman-during-interview/
progressive,http://www.salon.com/2015/12/21/millennials_have_gotten_royally_screwed_thats_why_theyre_voting_for_bernie_sanders/
progressive,http://www.alternet.org/tea-party-and-right/bill-moyers-right-wing-govt-shutdown-sabotage-our-democracy?paging=off
progressive,https://www.rollingstone.com/politics/politics-news/tax-rates-rich-inequality-working-class-896823/
progressive,https://slate.com/news-and-politics/2018/09/brett-kavanaugh-lies-senate-testimony-supreme-court.html
progressive,http://thehill.com/blogs/congress-blog/judicial/404862-brett-kavanaugh-is-a-threat-to-women-workers-and-the-environment
progressive,http://www.alternet.org/activism/cowardly-republicans-are-running-away-voters-and-cancelling-town-meetings-weekend
progressive,http://www.salon.com/2016/03/20/stop_mooning_over_john_kasich_hes_not_more_reasonable_than_trump_hes_just_better_at_camouflaging_his_agenda/
progressive,https://www.thedailybeast.com/fbi-informant-panic-is-ruining-friendships-all-over-the-far-right-proud-boys-and-america-firsters
progressive,https://www.propublica.org/article/no-one-took-us-seriously-black-cops-warned-about-racist-capitol-police-officers-for-years
progressive,https://www.msnbc.com/rachel-maddow-show/right-s-new-conspiracy-theory-blame-left-capitol-riot-n1253250
progressive,https://www.vice.com/en/article/pkdenn/the-us-eliminated-nearly-21000-election-day-polling-locations-for-2020
progressive,https://talkingpointsmemo.com/edblog/seeing-the-open-the-economy-protests-in-their-proper-light
progressive,http://nymag.com/daily/intelligencer/2018/06/dow-tumbles-300-trump-escalates-trade-war-with-china-markets-tariffs.html
progressive,https://www.publicintegrity.org/2018/05/10/21739/study-most-americans-want-kill-citizens-united-constitutional-amendment
progressive,https://thinkprogress.org/easier-to-buy-gun-than-vote-095a34c11e02/
progressive,https://www.theguardian.com/commentisfree/2017/dec/01/republican-tax-bill-immoral-violence
progressive,http://www.newyorker.com/humor/borowitz-report/media-unimpressed-as-sanders-barely-gets-seventy-per-cent-of-vote?intcid=mod-most-popular
progressive,http://www.politifact.com/truth-o-meter/statements/2015/apr/19/bernie-s/bernie-sanders-says-99-percent-new-income-going-to/
progressive,http://www.salon.com/2014/08/24/cornel_west_he_posed_as_a_progressive_and_turned_out_to_be_counterfeit_we_ended_up_with_a_wall_street_presidency_a_drone_presidency/?utm_source=facebook&amp;utm_medium=socialflow
progressive,http://www.salon.com/2014/07/16/i_was_poor_but_a_gop_die_hard_how_i_finally_left_the_politics_of_shame/
progressive,https://prospect.org/article/thanks-trump-payday-lenders-will-keep-on-merrily-bilking-poor
progressive,http://www.politicususa.com/2014/12/02/bernie-sanders-unveils-12-point-economic-plan-break-koch-oligarchs.html
progressive,http://www.salon.com/2014/02/27/no_really_you_didnt_build_that_how_the_rich_became_dependent_on_government_subsidies_partner/
progressive,http://www.salon.com/2013/12/14/the_wealthy_give_to_charity_elite_schools_and_operas_partner/
progressive,http://bigstory.ap.org/article/wendy-davis-signals-shell-run-texas-governor
progressive,https://www.rawstory.com/2018/08/trump-desperately-tries-save-face-pentagon-postpones-military-parade-cancelled/
progressive,http://www.ecowatch.com/abolish-epa-bill-pruitt-2267818117.html
progressive,http://www.alternet.org/election-2016/third-woman-alleges-she-was-sexually-assaulted-donald-trump?akid=14464.1879378.2SU9Mb&amp;rd=1&amp;src=newsletter1060651&amp;t=10
progressive,http://www.alternet.org/news-amp-politics/noam-chomsky-obama-would-have-been-called-moderate-republican-recent-decades
progressive,https://www.motherjones.com/anti-racism-police-protest/2020/11/kyle-rittenhouse-witness-john-pierce/
progressive,http://deadstate.org/top-u-s-student-loan-watchdog-quits-says-trump-cares-more-about-powerful-financial-companies-than-students/
progressive,https://www.politico.com/story/2018/07/26/polls-walker-wisconsin-michigan-minnesota-governors-714291
progressive,http://www.bostonglobe.com/news/politics/2015/10/15/bernie-sanders-rejects-ceo-martin-shkreli-campaign-donation/FcSKxu1VIr7pubg9cI3CQN/story.html?s_campaign=bostonglobe%3Asocialflow%3Atwitter
progressive,https://www.newsweek.com/conservatives-aim-bypass-congress-amend-constitution-1200369?utm_source=GoogleNewsstandUS&amp;utm_medium=Feed&amp;utm_campaign=Partnerships
progressive,https://slate.com/news-and-politics/2018/10/net-neutrality-california-governor-jerry-brown-signs-nations-strictest-regulations.html
progressive,https://www.rawstory.com/2018/05/white-woman-calls-cops-black-family-barbecuing-park-sobs-shes-victim-harassment/
progressive,https://www.salon.com/2017/05/28/american-conservatives-love-to-bash-canadian-health-care-but-u-s-corporations-love-it/
progressive,http://nymag.com/daily/intelligencer/2016/03/gop-must-answer-for-what-it-did-to-kansas.html
progressive,http://www.rawstory.com/2016/03/dan-savage-clinton-crediting-nancy-reagan-for-helping-aids-victims-is-a-fcking-lie/
progressive,https://www.salon.com/2021/02/15/rand-paul-called-out-for-being-a-liar-after-he-claims-he-gave-a-standing-ovation-to-officer-goodman_partner/
progressive,https://www.usnews.com/news/national-news/articles/2019-01-11/no-park-rangers-or-food-inspections-but-government-reopens-for-oil-and-gas
progressive,https://www.washingtonpost.com/powerpost/gorsuch-confirmation-hearing-to-focus-today-on-testimony-from-friends-foes/2017/03/23/14d21116-0fc7-11e7-9d5a-a83e627dc120_story.html
progressive,http://www.businessinsider.com/martin-shkreli-update-on-daraprim-price-2015-10
progressive,https://www.flashnewspk.com/2021/01/joe-biden-announces-halt-to.html
progressive,https://www.businessinsider.com/trump-campaign-parscale-guilfoyle-spending-complaint-ads-fec-2020-7
progressive,https://www.washingtonpost.com/nation/2020/06/06/police-protester-incidents-video/
progressive,https://jimheath.tv/2019/02/matt-gaetz-trumps-top-defender-in-house-threatens-congressional-witness-exhibits-mob-behavior/
progressive,https://www.rawstory.com/2018/08/not-enough-impeach-trump-entire-presidency-annulled/
progressive,http://thehill.com/regulation/labor/256095-bernie-sanders-pushing-card-check-bill
progressive,http://www.alternet.org/stand-your-ground-double-standard
progressive,https://www.dailymail.co.uk/news/article-8376453/UK-VETO-Donald-Trumps-bid-let-Russia-G7.html
progressive,http://citizen.education/2018/08/23/beto-orourke-won-the-internet-by-taking-a-real-stand-on-racial-justice/
progressive,http://fair.org/home/paul-ryan-doesnt-love-free-market-healthcare-he-loves-giving-money-to-rich-people/
progressive,http://www.thedailybeast.com/articles/2015/10/21/how-back-to-the-future-predicted-trump.html
progressive,https://www.washingtonpost.com/blogs/plum-line/wp/2016/12/27/these-coal-country-voters-backed-trump-now-theyre-worried-about-losing-obamacare/
progressive,https://www.salon.com/2018/12/01/no-tears-for-paul-ryan-on-the-short-unhappy-tenure-of-the-worst-house-speaker-ever/
progressive,http://www.motherjones.com/politics/2017/10/jeff-sessions-is-in-charge-of-a-bribery-prosecution-involving-two-of-his-top-donors/
progressive,https://www.washingtonpost.com/opinions/trump-once-said-we-were-led-by-very-very-stupid-people-hes-finally-right/2017/03/17/1c6f915a-0b3a-11e7-b77c-0047d15a24e0_story.html
progressive,http://www.huffingtonpost.com/2014/12/01/chris-rock-inequality-rich-people_n_6248392.html?cps=gravity
progressive,http://wearethe99percent.tumblr.com/
progressive,http://www.slate.com/articles/business/metropolis/2016/01/bernie_sanders_made_burlington_s_land_trust_possible_it_s_still_an_innovative.html
progressive,https://www.nytimes.com/2020/10/07/upshot/trump-hospital-costs-coronavirus.html?action=click&amp;module=Spotlight&amp;pgtype=Homepage
progressive,https://www.theguardian.com/us-news/2018/nov/19/trump-ready-to-begin-drawdown-of-troops-at-us-mexico-border
progressive,http://thinkprogress.org/economy/2014/02/14/3292561/poll-elizabeth-warren-postal-banking/
progressive,https://lawandcrime.com/high-profile/gop-campaign-worker-admits-to-filling-in-republican-votes-on-absentee-ballots-says-she-was-later-told-to-lie/
progressive,https://slate.com/news-and-politics/2018/05/mike-pence-calls-for-an-end-to-the-mueller-probe-what-is-he-afraid-of.html
progressive,http://www.rpfront.com/u-s/racing-star-dale-earnhardt-jr-defies-nascar-owners-to-show-solidarity-with-nfl-protesters
progressive,https://www.rawstory.com/2017/03/al-franken-jeff-sessions-keeps-contradicting-himself-and-must-recuse-himself-from-russia-probe/
progressive,https://www.texastribune.org/2016/06/03/paxton-moves-silence-ex-official-who-shared-trump-/
progressive,http://trofire.com/2016/05/10/jill-stein-edward-snowden-brought-home-heros-welcome/
progressive,http://www.ora.tv/offthegrid/article/jesse-ventura-2
progressive,http://www.salon.com/2015/03/18/fema_wont_give_money_to_states_that_dont_plan_for_climate_change/
progressive,http://wunc.org/post/duke-mathematicians-investigate-2012-election-results
progressive,https://sparktoro.com/blog/we-analyzed-every-twitter-account-following-donald-trump-61-are-bots-spam-inactive-or-propaganda/
progressive,https://www.gq.com/story/what-are-democrats-doing-part-the-infinity/amp
progressive,https://www.apnews.com/40e5eab2fd964098b8c60ed14de35398/Government-drops-charges-against-all-inauguration-protesters
progressive,https://www.aljazeera.com/indepth/opinion/180629101829097.html
progressive,http://www.thedailybeast.com/cheats/2017/01/17/poll-trump-transition-approval-plummets.html?via=desktop&amp;source=copyurl
progressive,http://www.cnn.com/2016/11/11/politics/popular-vote-turnout-2016/
progressive,https://www.huffpost.com/entry/elizabeth-warren-chief-justice-roberts-impeachment_n_5e336e6cc5b611ac94d1fefd
progressive,https://www.mediaite.com/tv/trump-reportedly-wont-accept-dems-offer-to-re-open-government-because-hed-look-foolish/
progressive,https://www.motherjones.com/politics/2018/08/most-republicans-could-care-less-about-the-manafort-conviction-and-cohen-plea/
progressive,https://www.gq.com/story/republicans-are-terrified-of-alexandria-ocasio-cortez
progressive,https://thinkprogress.org/trump-administration-plan-would-raise-rents-on-poor-people-64ed95618e96/
progressive,http://mashable.com/2016/01/22/oregon-militia-group-video/#LQ.1QwfUAsqT
progressive,https://thehill.com/opinion/white-house/501140-mattis-denounces-trump-applauds-protests-defends-america
progressive,https://apnews.com/30827827ecaa448dbfd086117ad53773
progressive,https://www.washingtonpost.com/politics/2018/10/04/if-kavanaugh-is-confirmed-impeachment-could-follow-heres-how/?utm_term=.6b06f5f2ed98
progressive,https://lawandcrime.com/live-trials/live-trials-current/brett-kavanaugh-confirmation-hearing/missing-kavanaugh-docs-being-kept-secret-to-cover-up-evidence-of-crime-fmr-fed-prosecutor-says-watch/
progressive,http://www.salon.com/2017/07/03/meet-the-modern-day-president-donald-trump-may-have-degraded-the-dignity-of-the-office-beyond-repair/
progressive,http://samuel-warde.com/2014/03/students-walk-dick-cheney-war-criminal/
progressive,http://www.rawstory.com/rs/2012/12/30/atheist-group-sues-irs-for-discriminating-against-secular-non-profits/
progressive,https://thehill.com/policy/finance/535349-biden-seeks-15-minimum-wage-for-federal-workers-contractors
progressive,https://www.newsweek.com/ted-cruz-beto-orourke-debate-texas-lyin-ted-trump-1173696
progressive,https://thinkprogress.org/carrier-automation-trump-deal-more-layoffs-db2554f46297#.d3f3spgmu
progressive,http://www.pbs.org/newshour/bb/obama-to-gun-owners-im-not-looking-to-disarm-you/
progressive,http://www.desmoinesregister.com/story/news/elections/presidential/caucus/2015/07/03/bernie-sanders-unite-democrats-presidential-campaign/29682335/
progressive,https://www.nytimes.com/2020/12/14/opinion/republicans-reagan-disinformation.html
progressive,https://www.nytimes.com/2019/09/16/opinion/republicans-democracy.html
progressive,https://www.thedailybeast.com/poll-global-image-of-the-us-has-hit-a-historic-low-under-trump
progressive,https://www.nastypolitics.org/opeds-1/2018/6/27/should-we-care-if-a-democrat-beats-a-democrat-the-answer-is-yes-by-greer-clem
progressive,http://www.salon.com/2016/04/18/the_democrats_need_to_stop_being_the_lesser_of_two_evils_party_starting_now/
progressive,http://www.salon.com/2013/12/05/bye_bye_fake_liberals_the_warren_democrats_are_winning/
progressive,http://nymag.com/daily/intel/2012/09/real-romney-is-a-sneering-plutocrat.html
progressive,https://highlark.com/democrats-republicans-your-vote-matters/
progressive,https://talkingpointsmemo.com/edblog/you-need-to-look-at-this
progressive,https://finance.yahoo.com/news/medicare-save-businesses-trillions-dollars-190500400.html
progressive,http://www.thedailybeast.com/articles/2017/03/29/donald-trump-s-tax-plan-the-rich-pay-less-and-you-make-up-the-difference.html
progressive,http://usuncut.com/politics/trump-campaign-hurting-hotel-business/
progressive,http://www.politico.com/story/2015/12/obama-trump-republicans-217144
progressive,http://customwire.ap.org/dynamic/stories/U/US_OBAMA?SITE=AP&amp;SECTION=HOME&amp;TEMPLATE=DEFAULT
progressive,http://abcnews.go.com/Politics/sen-bernie-sanders-america-political-revolution-2016/story?id=30771426
progressive,https://www.mediamatters.org/joe-biden/after-years-shrugging-trumps-lack-interest-working-democrats-press-suddenly-cares-about
progressive,https://www.dailydot.com/debug/turning-point-usa-co-founder-dies-covid-19/
progressive,https://talkingpointsmemo.com/news/jeffrey-toobin-trump-ann-coulter-shutdown
progressive,https://www.washingtonpost.com/opinions/san-franciscos-justice-system-gets-a-little-more-just/2018/06/13/a4ca28a6-6f13-11e8-bf86-a2351b5ece99_story.html?utm_term=.41ae62022e3c
progressive,http://www.esquire.com/news-politics/politics/a12765019/republicans-childrens-healthcare-program/
progressive,http://www.rawstory.com/rs/2014/06/04/law-professor-tells-senators-if-money-is-speech-outlawing-prostitution-is-unconstitutional/
progressive,http://thehill.com/homenews/senate/405447-warren-senior-admin-officials-should-invoke-25th-amendment-against-trump
progressive,http://thehill.com/homenews/senate/369960-dem-slams-trump-i-wont-be-lectured-on-military-needs-by-a-five-deferment
progressive,http://www.politifact.com/punditfact/statements/2017/feb/09/true-pundit/no-coretta-scott-king-didnt-thank-jeff-sessions-vi/
progressive,http://occupydemocrats.com/2016/10/17/north-carolina-republicans-just-admitted-theyve-illegally-hiding-ballots/
progressive,http://bipartisanreport.com/2016/07/26/breaking-dnc-hacker-tracked-exposed-donald-trump-in-very-big-trouble-details/
progressive,http://www.theguardian.com/us-news/2016/may/05/us-doctors-calling-universal-healthcare-system-affordable-care-act
progressive,http://thehill.com/blogs/pundits-blog/presidential-campaign/273923-sanders-is-the-king-of-credibility-in-2016
progressive,http://consumerist.com/2015/06/02/forcing-mcdonalds-workers-to-accept-wages-on-debit-cards-not-okay-in-pa-says-judge/
progressive,http://www.businessinsider.com/guess-which-group-of-americans-hate-obama-the-most-2012-7
progressive,https://lawandcrime.com/high-profile/trump-allegedly-shared-sensitive-information-with-sean-hannity-on-unsecured-cell-phone/
progressive,http://thehill.com/blogs/blog-briefing-room/400378-warriors-coach-mocks-nra-financial-trouble-dont-send-money-thoughts
progressive,https://www.washingtonpost.com/blogs/plum-line/wp/2018/07/25/trump-administrations-deception-on-census-should-be-a-major-scandal/
